{
  "root_group": {
    "groups": {
      "setup": {
        "name": "setup",
        "path": "::setup",
        "id": "5c0f8025f7e0b6654089e5b00e950f1a",
        "groups": {},
        "checks": {
          "register 201": {
            "name": "register 201",
            "path": "::setup::register 201",
            "id": "09b4317cf1f0cccb084b00576cc103e4",
            "passes": 1,
            "fails": 0
          },
          "workspace 201": {
            "name": "workspace 201",
            "path": "::setup::workspace 201",
            "id": "3520c10174edaad0310fdbb4e71ddff3",
            "passes": 1,
            "fails": 0
          }
        }
      }
    },
    "checks": {
      "status 200": {
        "name": "status 200",
        "path": "::status 200",
        "id": "fad9fa412b86fcb03bee97c80dcd61f1",
        "passes": 6000,
        "fails": 0
      }
    },
    "name": "",
    "path": "",
    "id": "d41d8cd98f00b204e9800998ecf8427e"
  },
  "metrics": {
    "cache_hits": {
      "count": 5997,
      "rate": 99.63527475105703
    },
    "vus_max": {
      "min": 50,
      "max": 50,
      "value": 50
    },
    "http_req_duration{expected_response:true}": {
      "avg": 8.304389920026692,
      "min": 2.5672,
      "med": 5.40685,
      "max": 165.0201,
      "p(90)": 11.69209,
      "p(95)": 21.84078499999998
    },
    "http_req_connecting": {
      "p(90)": 0,
      "p(95)": 0,
      "avg": 0.00758288903698767,
      "min": 0,
      "med": 0,
      "max": 1.6688
    },
    "data_received": {
      "count": 7538209,
      "rate": 125241.2080783543
    },
    "http_req_tls_handshaking": {
      "max": 0,
      "p(90)": 0,
      "p(95)": 0,
      "avg": 0,
      "min": 0,
      "med": 0
    },
    "checks": {
      "passes": 6002,
      "fails": 0,
      "value": 1
    },
    "http_req_duration": {
      "p(95)": 21.84078499999998,
      "avg": 8.304389920026692,
      "min": 2.5672,
      "med": 5.40685,
      "max": 165.0201,
      "p(90)": 11.69209,
      "thresholds": {
        "p(95)<200": false
      }
    },
    "http_req_sending": {
      "p(90)": 0,
      "p(95)": 0,
      "avg": 0.007016177940686435,
      "min": 0,
      "med": 0,
      "max": 9.2946
    },
    "http_req_blocked": {
      "p(95)": 0,
      "avg": 0.011234438520493167,
      "min": 0,
      "med": 0,
      "max": 3.8623,
      "p(90)": 0
    },
    "data_sent": {
      "count": 1710756,
      "rate": 28422.81875804891
    },
    "http_reqs": {
      "count": 6002,
      "rate": 99.71834568214845
    },
    "http_req_waiting": {
      "min": 2.2446,
      "med": 5.306900000000001,
      "max": 165.0201,
      "p(90)": 11.615340000000003,
      "p(95)": 21.827199999999984,
      "avg": 8.184346901033035
    },
    "iterations": {
      "count": 6000,
      "rate": 99.68511730971188
    },
    "iteration_duration": {
      "p(90)": 11.960310000000007,
      "p(95)": 21.88387500000004,
      "avg": 8.460343783333364,
      "min": 2.6132,
      "med": 5.550700000000001,
      "max": 165.0201
    },
    "vus": {
      "min": 0,
      "max": 3,
      "value": 1
    },
    "http_req_failed": {
      "passes": 0,
      "fails": 6002,
      "thresholds": {
        "rate<0.01": false
      },
      "value": 0
    },
    "cache_misses": {
      "count": 3,
      "rate": 0.04984255865485594
    },
    "http_req_receiving": {
      "min": 0,
      "med": 0,
      "max": 9.2902,
      "p(90)": 0.5495,
      "p(95)": 0.6310749999999999,
      "avg": 0.1130268410529823
    }
  },
  "setup_data": {
    "token": "eyJhbGciOiJIUzI1NiIsInR5cCI6IkpXVCJ9.eyJzdWIiOiJjbXFwNmtsanAwMDA1bnYwc2Z1ODhqc3NjIiwiZXhwIjoxNzgyMTMxNTQ0fQ.wgSeq8VTDnEJfxnLRpzL4dcUy8B8b-QJ8KflCd8r59g",
    "wsId": "cmqp6klki0007nv0skh73ipwe"
  }
}
